set_,metric,score,epoch
validation,true_positives,0.0,0
validation,false_positives,0.0,0
validation,true_negatives,0.0,0
validation,false_negatives,0.0,0
validation,rmse,34.17049366029788,0
training,true_positives,0.0,0
training,false_positives,0.0,0
training,true_negatives,0.0,0
training,false_negatives,0.0,0
training,rmse,51.10508570770507,0
validation,true_positives,0.0,1
validation,false_positives,0.0,1
validation,true_negatives,0.0,1
validation,false_negatives,0.0,1
validation,rmse,32.758781209611044,1
training,true_positives,0.0,1
training,false_positives,0.0,1
training,true_negatives,0.0,1
training,false_negatives,0.0,1
training,rmse,32.79026794292359,1
validation,true_positives,0.0,2
validation,false_positives,0.0,2
validation,true_negatives,0.0,2
validation,false_negatives,0.0,2
validation,rmse,31.56919963815695,2
training,true_positives,0.0,2
training,false_positives,0.0,2
training,true_negatives,0.0,2
training,false_negatives,0.0,2
training,rmse,38.17733805859877,2
validation,true_positives,0.0,3
validation,false_positives,0.0,3
validation,true_negatives,0.0,3
validation,false_negatives,0.0,3
validation,rmse,30.81958257914111,3
training,true_positives,0.0,3
training,false_positives,0.0,3
training,true_negatives,0.0,3
training,false_negatives,0.0,3
training,rmse,39.26514812681101,3
validation,true_positives,0.0,4
validation,false_positives,0.0,4
validation,true_negatives,0.0,4
validation,false_negatives,0.0,4
validation,rmse,32.95968160990067,4
training,true_positives,0.0,4
training,false_positives,0.0,4
training,true_negatives,0.0,4
training,false_negatives,0.0,4
training,rmse,32.02156354338896,4
validation,true_positives,0.0,5
validation,false_positives,0.0,5
validation,true_negatives,0.0,5
validation,false_negatives,0.0,5
validation,rmse,31.647936878557562,5
training,true_positives,0.0,5
training,false_positives,0.0,5
training,true_negatives,0.0,5
training,false_negatives,0.0,5
training,rmse,38.013741155933396,5
validation,true_positives,0.0,6
validation,false_positives,0.0,6
validation,true_negatives,0.0,6
validation,false_negatives,0.0,6
validation,rmse,31.408875459592238,6
training,true_positives,0.0,6
training,false_positives,0.0,6
training,true_negatives,0.0,6
training,false_negatives,0.0,6
training,rmse,39.47371213180651,6
validation,true_positives,0.0,7
validation,false_positives,0.0,7
validation,true_negatives,0.0,7
validation,false_negatives,0.0,7
validation,rmse,31.967603192643825,7
training,true_positives,0.0,7
training,false_positives,0.0,7
training,true_negatives,0.0,7
training,false_negatives,0.0,7
training,rmse,36.38016444555622,7
validation,true_positives,0.0,8
validation,false_positives,0.0,8
validation,true_negatives,0.0,8
validation,false_negatives,0.0,8
validation,rmse,31.628514359543644,8
training,true_positives,0.0,8
training,false_positives,0.0,8
training,true_negatives,0.0,8
training,false_negatives,0.0,8
training,rmse,39.07267680542833,8
validation,true_positives,0.0,9
validation,false_positives,0.0,9
validation,true_negatives,0.0,9
validation,false_negatives,0.0,9
validation,rmse,30.896231838746882,9
training,true_positives,0.0,9
training,false_positives,0.0,9
training,true_negatives,0.0,9
training,false_negatives,0.0,9
training,rmse,40.94220308638133,9
validation,true_positives,0.0,10
validation,false_positives,0.0,10
validation,true_negatives,0.0,10
validation,false_negatives,0.0,10
validation,rmse,31.178064976515163,10
training,true_positives,0.0,10
training,false_positives,0.0,10
training,true_negatives,0.0,10
training,false_negatives,0.0,10
training,rmse,41.621190604022345,10
validation,true_positives,0.0,11
validation,false_positives,0.0,11
validation,true_negatives,0.0,11
validation,false_negatives,0.0,11
validation,rmse,31.81219144937615,11
training,true_positives,0.0,11
training,false_positives,0.0,11
training,true_negatives,0.0,11
training,false_negatives,0.0,11
training,rmse,44.02610431655654,11
validation,true_positives,0.0,12
validation,false_positives,0.0,12
validation,true_negatives,0.0,12
validation,false_negatives,0.0,12
validation,rmse,31.92110195290314,12
training,true_positives,0.0,12
training,false_positives,0.0,12
training,true_negatives,0.0,12
training,false_negatives,0.0,12
training,rmse,42.09728644604165,12
validation,true_positives,0.0,13
validation,false_positives,0.0,13
validation,true_negatives,0.0,13
validation,false_negatives,0.0,13
validation,rmse,31.0549790466598,13
training,true_positives,0.0,13
training,false_positives,0.0,13
training,true_negatives,0.0,13
training,false_negatives,0.0,13
training,rmse,42.08603156896639,13
validation,true_positives,0.0,14
validation,false_positives,0.0,14
validation,true_negatives,0.0,14
validation,false_negatives,0.0,14
validation,rmse,31.97210570112183,14
training,true_positives,0.0,14
training,false_positives,0.0,14
training,true_negatives,0.0,14
training,false_negatives,0.0,14
training,rmse,45.632777277257574,14
validation,true_positives,0.0,15
validation,false_positives,0.0,15
validation,true_negatives,0.0,15
validation,false_negatives,0.0,15
validation,rmse,31.823521238893626,15
training,true_positives,0.0,15
training,false_positives,0.0,15
training,true_negatives,0.0,15
training,false_negatives,0.0,15
training,rmse,45.28842929515404,15
validation,true_positives,0.0,16
validation,false_positives,0.0,16
validation,true_negatives,0.0,16
validation,false_negatives,0.0,16
validation,rmse,31.217977018409165,16
training,true_positives,0.0,16
training,false_positives,0.0,16
training,true_negatives,0.0,16
training,false_negatives,0.0,16
training,rmse,39.81886920807099,16
validation,true_positives,0.0,17
validation,false_positives,0.0,17
validation,true_negatives,0.0,17
validation,false_negatives,0.0,17
validation,rmse,31.886411621918608,17
training,true_positives,0.0,17
training,false_positives,0.0,17
training,true_negatives,0.0,17
training,false_negatives,0.0,17
training,rmse,43.43530369028152,17
validation,true_positives,0.0,18
validation,false_positives,0.0,18
validation,true_negatives,0.0,18
validation,false_negatives,0.0,18
validation,rmse,32.799939705099206,18
training,true_positives,0.0,18
training,false_positives,0.0,18
training,true_negatives,0.0,18
training,false_negatives,0.0,18
training,rmse,44.38510435396118,18
validation,true_positives,0.0,19
validation,false_positives,0.0,19
validation,true_negatives,0.0,19
validation,false_negatives,0.0,19
validation,rmse,33.024048552172175,19
training,true_positives,0.0,19
training,false_positives,0.0,19
training,true_negatives,0.0,19
training,false_negatives,0.0,19
training,rmse,34.422766021072995,19
validation,true_positives,0.0,20
validation,false_positives,0.0,20
validation,true_negatives,0.0,20
validation,false_negatives,0.0,20
validation,rmse,31.546048854915277,20
training,true_positives,0.0,20
training,false_positives,0.0,20
training,true_negatives,0.0,20
training,false_negatives,0.0,20
training,rmse,39.33380801137495,20
validation,true_positives,0.0,21
validation,false_positives,0.0,21
validation,true_negatives,0.0,21
validation,false_negatives,0.0,21
validation,rmse,32.17641435965103,21
training,true_positives,0.0,21
training,false_positives,0.0,21
training,true_negatives,0.0,21
training,false_negatives,0.0,21
training,rmse,40.41637992430513,21
validation,true_positives,0.0,22
validation,false_positives,0.0,22
validation,true_negatives,0.0,22
validation,false_negatives,0.0,22
validation,rmse,32.06058225002407,22
training,true_positives,0.0,22
training,false_positives,0.0,22
training,true_negatives,0.0,22
training,false_negatives,0.0,22
training,rmse,40.133470727198315,22
validation,true_positives,0.0,23
validation,false_positives,0.0,23
validation,true_negatives,0.0,23
validation,false_negatives,0.0,23
validation,rmse,31.243233707676758,23
training,true_positives,0.0,23
training,false_positives,0.0,23
training,true_negatives,0.0,23
training,false_negatives,0.0,23
training,rmse,38.6960863701272,23
validation,true_positives,0.0,24
validation,false_positives,0.0,24
validation,true_negatives,0.0,24
validation,false_negatives,0.0,24
validation,rmse,31.075139337557527,24
training,true_positives,0.0,24
training,false_positives,0.0,24
training,true_negatives,0.0,24
training,false_negatives,0.0,24
training,rmse,41.880554962797355,24
validation,true_positives,0.0,25
validation,false_positives,0.0,25
validation,true_negatives,0.0,25
validation,false_negatives,0.0,25
validation,rmse,31.532778158810185,25
training,true_positives,0.0,25
training,false_positives,0.0,25
training,true_negatives,0.0,25
training,false_negatives,0.0,25
training,rmse,38.68920012204274,25
validation,true_positives,0.0,26
validation,false_positives,0.0,26
validation,true_negatives,0.0,26
validation,false_negatives,0.0,26
validation,rmse,31.913286597322738,26
training,true_positives,0.0,26
training,false_positives,0.0,26
training,true_negatives,0.0,26
training,false_negatives,0.0,26
training,rmse,43.30320914714714,26
validation,true_positives,0.0,27
validation,false_positives,0.0,27
validation,true_negatives,0.0,27
validation,false_negatives,0.0,27
validation,rmse,30.881666098063434,27
training,true_positives,0.0,27
training,false_positives,0.0,27
training,true_negatives,0.0,27
training,false_negatives,0.0,27
training,rmse,38.4983069007076,27
validation,true_positives,0.0,28
validation,false_positives,0.0,28
validation,true_negatives,0.0,28
validation,false_negatives,0.0,28
validation,rmse,30.74073066671004,28
training,true_positives,0.0,28
training,false_positives,0.0,28
training,true_negatives,0.0,28
training,false_negatives,0.0,28
training,rmse,40.038237052438326,28
validation,true_positives,0.0,29
validation,false_positives,0.0,29
validation,true_negatives,0.0,29
validation,false_negatives,0.0,29
validation,rmse,31.89634326632168,29
training,true_positives,0.0,29
training,false_positives,0.0,29
training,true_negatives,0.0,29
training,false_negatives,0.0,29
training,rmse,42.30650805685908,29
validation,true_positives,0.0,30
validation,false_positives,0.0,30
validation,true_negatives,0.0,30
validation,false_negatives,0.0,30
validation,rmse,32.63185706046169,30
training,true_positives,0.0,30
training,false_positives,0.0,30
training,true_negatives,0.0,30
training,false_negatives,0.0,30
training,rmse,45.437191697592944,30
validation,true_positives,0.0,31
validation,false_positives,0.0,31
validation,true_negatives,0.0,31
validation,false_negatives,0.0,31
validation,rmse,31.096249813409322,31
training,true_positives,0.0,31
training,false_positives,0.0,31
training,true_negatives,0.0,31
training,false_negatives,0.0,31
training,rmse,36.957866218375244,31
validation,true_positives,0.0,32
validation,false_positives,0.0,32
validation,true_negatives,0.0,32
validation,false_negatives,0.0,32
validation,rmse,31.67132531390957,32
training,true_positives,0.0,32
training,false_positives,0.0,32
training,true_negatives,0.0,32
training,false_negatives,0.0,32
training,rmse,46.22788336985791,32
validation,true_positives,0.0,33
validation,false_positives,0.0,33
validation,true_negatives,0.0,33
validation,false_negatives,0.0,33
validation,rmse,31.098454804241108,33
training,true_positives,0.0,33
training,false_positives,0.0,33
training,true_negatives,0.0,33
training,false_negatives,0.0,33
training,rmse,37.56418752220668,33
validation,true_positives,0.0,34
validation,false_positives,0.0,34
validation,true_negatives,0.0,34
validation,false_negatives,0.0,34
validation,rmse,31.228038240236618,34
training,true_positives,0.0,34
training,false_positives,0.0,34
training,true_negatives,0.0,34
training,false_negatives,0.0,34
training,rmse,39.07050083122307,34
validation,true_positives,0.0,35
validation,false_positives,0.0,35
validation,true_negatives,0.0,35
validation,false_negatives,0.0,35
validation,rmse,32.44366989689118,35
training,true_positives,0.0,35
training,false_positives,0.0,35
training,true_negatives,0.0,35
training,false_negatives,0.0,35
training,rmse,43.6042604251667,35
validation,true_positives,0.0,36
validation,false_positives,0.0,36
validation,true_negatives,0.0,36
validation,false_negatives,0.0,36
validation,rmse,31.09368189601949,36
training,true_positives,0.0,36
training,false_positives,0.0,36
training,true_negatives,0.0,36
training,false_negatives,0.0,36
training,rmse,41.20854216720616,36
validation,true_positives,0.0,37
validation,false_positives,0.0,37
validation,true_negatives,0.0,37
validation,false_negatives,0.0,37
validation,rmse,31.278836675698884,37
training,true_positives,0.0,37
training,false_positives,0.0,37
training,true_negatives,0.0,37
training,false_negatives,0.0,37
training,rmse,43.092167000122686,37
validation,true_positives,0.0,38
validation,false_positives,0.0,38
validation,true_negatives,0.0,38
validation,false_negatives,0.0,38
validation,rmse,30.93301188045589,38
training,true_positives,0.0,38
training,false_positives,0.0,38
training,true_negatives,0.0,38
training,false_negatives,0.0,38
training,rmse,40.57282116193516,38
validation,true_positives,0.0,39
validation,false_positives,0.0,39
validation,true_negatives,0.0,39
validation,false_negatives,0.0,39
validation,rmse,32.058643470041,39
training,true_positives,0.0,39
training,false_positives,0.0,39
training,true_negatives,0.0,39
training,false_negatives,0.0,39
training,rmse,43.83797467117372,39
validation,true_positives,0.0,40
validation,false_positives,0.0,40
validation,true_negatives,0.0,40
validation,false_negatives,0.0,40
validation,rmse,31.952468556062595,40
training,true_positives,0.0,40
training,false_positives,0.0,40
training,true_negatives,0.0,40
training,false_negatives,0.0,40
training,rmse,41.19174351068766,40
validation,true_positives,0.0,41
validation,false_positives,0.0,41
validation,true_negatives,0.0,41
validation,false_negatives,0.0,41
validation,rmse,30.74366158925295,41
training,true_positives,0.0,41
training,false_positives,0.0,41
training,true_negatives,0.0,41
training,false_negatives,0.0,41
training,rmse,40.0059245678424,41
validation,true_positives,0.0,42
validation,false_positives,0.0,42
validation,true_negatives,0.0,42
validation,false_negatives,0.0,42
validation,rmse,31.703226850105075,42
training,true_positives,0.0,42
training,false_positives,0.0,42
training,true_negatives,0.0,42
training,false_negatives,0.0,42
training,rmse,40.64432628780401,42
validation,true_positives,0.0,43
validation,false_positives,0.0,43
validation,true_negatives,0.0,43
validation,false_negatives,0.0,43
validation,rmse,32.610112844470606,43
training,true_positives,0.0,43
training,false_positives,0.0,43
training,true_negatives,0.0,43
training,false_negatives,0.0,43
training,rmse,44.92288554693247,43
validation,true_positives,0.0,44
validation,false_positives,0.0,44
validation,true_negatives,0.0,44
validation,false_negatives,0.0,44
validation,rmse,31.092816033808493,44
training,true_positives,0.0,44
training,false_positives,0.0,44
training,true_negatives,0.0,44
training,false_negatives,0.0,44
training,rmse,42.18128334242287,44
validation,true_positives,0.0,45
validation,false_positives,0.0,45
validation,true_negatives,0.0,45
validation,false_negatives,0.0,45
validation,rmse,31.45898468129019,45
training,true_positives,0.0,45
training,false_positives,0.0,45
training,true_negatives,0.0,45
training,false_negatives,0.0,45
training,rmse,43.95938101358476,45
validation,true_positives,0.0,46
validation,false_positives,0.0,46
validation,true_negatives,0.0,46
validation,false_negatives,0.0,46
validation,rmse,30.8658360173694,46
training,true_positives,0.0,46
training,false_positives,0.0,46
training,true_negatives,0.0,46
training,false_negatives,0.0,46
training,rmse,40.01973619558181,46
validation,true_positives,0.0,47
validation,false_positives,0.0,47
validation,true_negatives,0.0,47
validation,false_negatives,0.0,47
validation,rmse,30.667271960524914,47
training,true_positives,0.0,47
training,false_positives,0.0,47
training,true_negatives,0.0,47
training,false_negatives,0.0,47
training,rmse,38.95065987886704,47
validation,true_positives,0.0,48
validation,false_positives,0.0,48
validation,true_negatives,0.0,48
validation,false_negatives,0.0,48
validation,rmse,31.22271951824641,48
training,true_positives,0.0,48
training,false_positives,0.0,48
training,true_negatives,0.0,48
training,false_negatives,0.0,48
training,rmse,42.93331346655105,48
validation,true_positives,0.0,49
validation,false_positives,0.0,49
validation,true_negatives,0.0,49
validation,false_negatives,0.0,49
validation,rmse,31.365933101342144,49
training,true_positives,0.0,49
training,false_positives,0.0,49
training,true_negatives,0.0,49
training,false_negatives,0.0,49
training,rmse,41.078272311214754,49
validation,true_positives,0.0,50
validation,false_positives,0.0,50
validation,true_negatives,0.0,50
validation,false_negatives,0.0,50
validation,rmse,31.514596361641935,50
training,true_positives,0.0,50
training,false_positives,0.0,50
training,true_negatives,0.0,50
training,false_negatives,0.0,50
training,rmse,42.73883070911199,50
validation,true_positives,0.0,51
validation,false_positives,0.0,51
validation,true_negatives,0.0,51
validation,false_negatives,0.0,51
validation,rmse,31.527273773738013,51
training,true_positives,0.0,51
training,false_positives,0.0,51
training,true_negatives,0.0,51
training,false_negatives,0.0,51
training,rmse,40.44661600023118,51
validation,true_positives,0.0,52
validation,false_positives,0.0,52
validation,true_negatives,0.0,52
validation,false_negatives,0.0,52
validation,rmse,31.14830445937081,52
training,true_positives,0.0,52
training,false_positives,0.0,52
training,true_negatives,0.0,52
training,false_negatives,0.0,52
training,rmse,38.033929510886395,52
validation,true_positives,0.0,53
validation,false_positives,0.0,53
validation,true_negatives,0.0,53
validation,false_negatives,0.0,53
validation,rmse,30.968963116271407,53
training,true_positives,0.0,53
training,false_positives,0.0,53
training,true_negatives,0.0,53
training,false_negatives,0.0,53
training,rmse,40.12405050680133,53
validation,true_positives,0.0,54
validation,false_positives,0.0,54
validation,true_negatives,0.0,54
validation,false_negatives,0.0,54
validation,rmse,31.104922922256083,54
training,true_positives,0.0,54
training,false_positives,0.0,54
training,true_negatives,0.0,54
training,false_negatives,0.0,54
training,rmse,37.697917296263846,54
validation,true_positives,0.0,55
validation,false_positives,0.0,55
validation,true_negatives,0.0,55
validation,false_negatives,0.0,55
validation,rmse,31.531823305546894,55
training,true_positives,0.0,55
training,false_positives,0.0,55
training,true_negatives,0.0,55
training,false_negatives,0.0,55
training,rmse,39.82181542823241,55
validation,true_positives,0.0,56
validation,false_positives,0.0,56
validation,true_negatives,0.0,56
validation,false_negatives,0.0,56
validation,rmse,31.548411299348093,56
training,true_positives,0.0,56
training,false_positives,0.0,56
training,true_negatives,0.0,56
training,false_negatives,0.0,56
training,rmse,36.934117449977464,56
validation,true_positives,0.0,57
validation,false_positives,0.0,57
validation,true_negatives,0.0,57
validation,false_negatives,0.0,57
validation,rmse,30.993465225095402,57
training,true_positives,0.0,57
training,false_positives,0.0,57
training,true_negatives,0.0,57
training,false_negatives,0.0,57
training,rmse,39.73906357937863,57
validation,true_positives,0.0,58
validation,false_positives,0.0,58
validation,true_negatives,0.0,58
validation,false_negatives,0.0,58
validation,rmse,31.72240890904059,58
training,true_positives,0.0,58
training,false_positives,0.0,58
training,true_negatives,0.0,58
training,false_negatives,0.0,58
training,rmse,42.624145243179875,58
validation,true_positives,0.0,59
validation,false_positives,0.0,59
validation,true_negatives,0.0,59
validation,false_negatives,0.0,59
validation,rmse,30.978157932814273,59
training,true_positives,0.0,59
training,false_positives,0.0,59
training,true_negatives,0.0,59
training,false_negatives,0.0,59
training,rmse,40.06614393180714,59
validation,true_positives,0.0,60
validation,false_positives,0.0,60
validation,true_negatives,0.0,60
validation,false_negatives,0.0,60
validation,rmse,31.9853864026808,60
training,true_positives,0.0,60
training,false_positives,0.0,60
training,true_negatives,0.0,60
training,false_negatives,0.0,60
training,rmse,41.379708998423006,60
validation,true_positives,0.0,61
validation,false_positives,0.0,61
validation,true_negatives,0.0,61
validation,false_negatives,0.0,61
validation,rmse,31.080743352314833,61
training,true_positives,0.0,61
training,false_positives,0.0,61
training,true_negatives,0.0,61
training,false_negatives,0.0,61
training,rmse,42.743454009565376,61
validation,true_positives,0.0,62
validation,false_positives,0.0,62
validation,true_negatives,0.0,62
validation,false_negatives,0.0,62
validation,rmse,31.33289224147362,62
training,true_positives,0.0,62
training,false_positives,0.0,62
training,true_negatives,0.0,62
training,false_negatives,0.0,62
training,rmse,40.1138734229832,62
validation,true_positives,0.0,63
validation,false_positives,0.0,63
validation,true_negatives,0.0,63
validation,false_negatives,0.0,63
validation,rmse,31.83595331754505,63
training,true_positives,0.0,63
training,false_positives,0.0,63
training,true_negatives,0.0,63
training,false_negatives,0.0,63
training,rmse,39.953946327320416,63
validation,true_positives,0.0,64
validation,false_positives,0.0,64
validation,true_negatives,0.0,64
validation,false_negatives,0.0,64
validation,rmse,31.10866960739269,64
training,true_positives,0.0,64
training,false_positives,0.0,64
training,true_negatives,0.0,64
training,false_negatives,0.0,64
training,rmse,40.28994102570229,64
validation,true_positives,0.0,65
validation,false_positives,0.0,65
validation,true_negatives,0.0,65
validation,false_negatives,0.0,65
validation,rmse,31.43271639229431,65
training,true_positives,0.0,65
training,false_positives,0.0,65
training,true_negatives,0.0,65
training,false_negatives,0.0,65
training,rmse,41.7936880119157,65
validation,true_positives,0.0,66
validation,false_positives,0.0,66
validation,true_negatives,0.0,66
validation,false_negatives,0.0,66
validation,rmse,31.679810675858437,66
training,true_positives,0.0,66
training,false_positives,0.0,66
training,true_negatives,0.0,66
training,false_negatives,0.0,66
training,rmse,39.519888755644715,66
validation,true_positives,0.0,67
validation,false_positives,0.0,67
validation,true_negatives,0.0,67
validation,false_negatives,0.0,67
validation,rmse,31.77312059094092,67
training,true_positives,0.0,67
training,false_positives,0.0,67
training,true_negatives,0.0,67
training,false_negatives,0.0,67
training,rmse,42.01183624483696,67
validation,true_positives,0.0,68
validation,false_positives,0.0,68
validation,true_negatives,0.0,68
validation,false_negatives,0.0,68
validation,rmse,31.187477409281307,68
training,true_positives,0.0,68
training,false_positives,0.0,68
training,true_negatives,0.0,68
training,false_negatives,0.0,68
training,rmse,39.9988425210371,68
validation,true_positives,0.0,69
validation,false_positives,0.0,69
validation,true_negatives,0.0,69
validation,false_negatives,0.0,69
validation,rmse,31.226781489618077,69
training,true_positives,0.0,69
training,false_positives,0.0,69
training,true_negatives,0.0,69
training,false_negatives,0.0,69
training,rmse,40.339577458834064,69
validation,true_positives,0.0,70
validation,false_positives,0.0,70
validation,true_negatives,0.0,70
validation,false_negatives,0.0,70
validation,rmse,31.2448555694241,70
training,true_positives,0.0,70
training,false_positives,0.0,70
training,true_negatives,0.0,70
training,false_negatives,0.0,70
training,rmse,40.17486861545878,70
validation,true_positives,0.0,71
validation,false_positives,0.0,71
validation,true_negatives,0.0,71
validation,false_negatives,0.0,71
validation,rmse,31.588395145003407,71
training,true_positives,0.0,71
training,false_positives,0.0,71
training,true_negatives,0.0,71
training,false_negatives,0.0,71
training,rmse,40.57629484035323,71
validation,true_positives,0.0,72
validation,false_positives,0.0,72
validation,true_negatives,0.0,72
validation,false_negatives,0.0,72
validation,rmse,31.807476515611608,72
training,true_positives,0.0,72
training,false_positives,0.0,72
training,true_negatives,0.0,72
training,false_negatives,0.0,72
training,rmse,43.39555081791427,72
validation,true_positives,0.0,73
validation,false_positives,0.0,73
validation,true_negatives,0.0,73
validation,false_negatives,0.0,73
validation,rmse,31.703487119675597,73
training,true_positives,0.0,73
training,false_positives,0.0,73
training,true_negatives,0.0,73
training,false_negatives,0.0,73
training,rmse,41.857506677316834,73
validation,true_positives,0.0,74
validation,false_positives,0.0,74
validation,true_negatives,0.0,74
validation,false_negatives,0.0,74
validation,rmse,31.443105034708438,74
training,true_positives,0.0,74
training,false_positives,0.0,74
training,true_negatives,0.0,74
training,false_negatives,0.0,74
training,rmse,37.85700406452253,74
validation,true_positives,0.0,75
validation,false_positives,0.0,75
validation,true_negatives,0.0,75
validation,false_negatives,0.0,75
validation,rmse,31.741978926366137,75
training,true_positives,0.0,75
training,false_positives,0.0,75
training,true_negatives,0.0,75
training,false_negatives,0.0,75
training,rmse,39.375013349849944,75
validation,true_positives,0.0,76
validation,false_positives,0.0,76
validation,true_negatives,0.0,76
validation,false_negatives,0.0,76
validation,rmse,31.21176762645615,76
training,true_positives,0.0,76
training,false_positives,0.0,76
training,true_negatives,0.0,76
training,false_negatives,0.0,76
training,rmse,40.946073057979895,76
validation,true_positives,0.0,77
validation,false_positives,0.0,77
validation,true_negatives,0.0,77
validation,false_negatives,0.0,77
validation,rmse,31.284139016742103,77
training,true_positives,0.0,77
training,false_positives,0.0,77
training,true_negatives,0.0,77
training,false_negatives,0.0,77
training,rmse,40.8269296184219,77
validation,true_positives,0.0,78
validation,false_positives,0.0,78
validation,true_negatives,0.0,78
validation,false_negatives,0.0,78
validation,rmse,31.47297653247938,78
training,true_positives,0.0,78
training,false_positives,0.0,78
training,true_negatives,0.0,78
training,false_negatives,0.0,78
training,rmse,42.31240447740377,78
validation,true_positives,0.0,79
validation,false_positives,0.0,79
validation,true_negatives,0.0,79
validation,false_negatives,0.0,79
validation,rmse,31.381226177914915,79
training,true_positives,0.0,79
training,false_positives,0.0,79
training,true_negatives,0.0,79
training,false_negatives,0.0,79
training,rmse,42.51161336306794,79
validation,true_positives,0.0,80
validation,false_positives,0.0,80
validation,true_negatives,0.0,80
validation,false_negatives,0.0,80
validation,rmse,31.78309678679435,80
training,true_positives,0.0,80
training,false_positives,0.0,80
training,true_negatives,0.0,80
training,false_negatives,0.0,80
training,rmse,36.44321942932188,80
validation,true_positives,0.0,81
validation,false_positives,0.0,81
validation,true_negatives,0.0,81
validation,false_negatives,0.0,81
validation,rmse,31.822708592259083,81
training,true_positives,0.0,81
training,false_positives,0.0,81
training,true_negatives,0.0,81
training,false_negatives,0.0,81
training,rmse,43.63916335786112,81
validation,true_positives,0.0,82
validation,false_positives,0.0,82
validation,true_negatives,0.0,82
validation,false_negatives,0.0,82
validation,rmse,31.34720137003796,82
training,true_positives,0.0,82
training,false_positives,0.0,82
training,true_negatives,0.0,82
training,false_negatives,0.0,82
training,rmse,41.55690860536322,82
validation,true_positives,0.0,83
validation,false_positives,0.0,83
validation,true_negatives,0.0,83
validation,false_negatives,0.0,83
validation,rmse,31.56214320458004,83
training,true_positives,0.0,83
training,false_positives,0.0,83
training,true_negatives,0.0,83
training,false_negatives,0.0,83
training,rmse,41.66172188213893,83
validation,true_positives,0.0,84
validation,false_positives,0.0,84
validation,true_negatives,0.0,84
validation,false_negatives,0.0,84
validation,rmse,31.331076304521307,84
training,true_positives,0.0,84
training,false_positives,0.0,84
training,true_negatives,0.0,84
training,false_negatives,0.0,84
training,rmse,44.37531012684489,84
validation,true_positives,0.0,85
validation,false_positives,0.0,85
validation,true_negatives,0.0,85
validation,false_negatives,0.0,85
validation,rmse,30.912106678138635,85
training,true_positives,0.0,85
training,false_positives,0.0,85
training,true_negatives,0.0,85
training,false_negatives,0.0,85
training,rmse,40.77264315266614,85
validation,true_positives,0.0,86
validation,false_positives,0.0,86
validation,true_negatives,0.0,86
validation,false_negatives,0.0,86
validation,rmse,31.293621260309248,86
training,true_positives,0.0,86
training,false_positives,0.0,86
training,true_negatives,0.0,86
training,false_negatives,0.0,86
training,rmse,42.51946922866158,86
validation,true_positives,0.0,87
validation,false_positives,0.0,87
validation,true_negatives,0.0,87
validation,false_negatives,0.0,87
validation,rmse,31.44390959565049,87
training,true_positives,0.0,87
training,false_positives,0.0,87
training,true_negatives,0.0,87
training,false_negatives,0.0,87
training,rmse,39.286593171989686,87
validation,true_positives,0.0,88
validation,false_positives,0.0,88
validation,true_negatives,0.0,88
validation,false_negatives,0.0,88
validation,rmse,31.373533741629515,88
training,true_positives,0.0,88
training,false_positives,0.0,88
training,true_negatives,0.0,88
training,false_negatives,0.0,88
training,rmse,38.744082270095326,88
validation,true_positives,0.0,89
validation,false_positives,0.0,89
validation,true_negatives,0.0,89
validation,false_negatives,0.0,89
validation,rmse,31.63523770836191,89
training,true_positives,0.0,89
training,false_positives,0.0,89
training,true_negatives,0.0,89
training,false_negatives,0.0,89
training,rmse,41.78531680455932,89
validation,true_positives,0.0,90
validation,false_positives,0.0,90
validation,true_negatives,0.0,90
validation,false_negatives,0.0,90
validation,rmse,31.24832094903438,90
training,true_positives,0.0,90
training,false_positives,0.0,90
training,true_negatives,0.0,90
training,false_negatives,0.0,90
training,rmse,41.51065483964974,90
validation,true_positives,0.0,91
validation,false_positives,0.0,91
validation,true_negatives,0.0,91
validation,false_negatives,0.0,91
validation,rmse,31.953861903766207,91
training,true_positives,0.0,91
training,false_positives,0.0,91
training,true_negatives,0.0,91
training,false_negatives,0.0,91
training,rmse,37.70614796651842,91
validation,true_positives,0.0,92
validation,false_positives,0.0,92
validation,true_negatives,0.0,92
validation,false_negatives,0.0,92
validation,rmse,31.559315024465594,92
training,true_positives,0.0,92
training,false_positives,0.0,92
training,true_negatives,0.0,92
training,false_negatives,0.0,92
training,rmse,40.685827419403026,92
validation,true_positives,0.0,93
validation,false_positives,0.0,93
validation,true_negatives,0.0,93
validation,false_negatives,0.0,93
validation,rmse,31.36553974979834,93
training,true_positives,0.0,93
training,false_positives,0.0,93
training,true_negatives,0.0,93
training,false_negatives,0.0,93
training,rmse,42.574807650618006,93
validation,true_positives,0.0,94
validation,false_positives,0.0,94
validation,true_negatives,0.0,94
validation,false_negatives,0.0,94
validation,rmse,31.081975492710733,94
training,true_positives,0.0,94
training,false_positives,0.0,94
training,true_negatives,0.0,94
training,false_negatives,0.0,94
training,rmse,42.348469739545244,94
validation,true_positives,0.0,95
validation,false_positives,0.0,95
validation,true_negatives,0.0,95
validation,false_negatives,0.0,95
validation,rmse,31.355299678007306,95
training,true_positives,0.0,95
training,false_positives,0.0,95
training,true_negatives,0.0,95
training,false_negatives,0.0,95
training,rmse,41.97395359402653,95
validation,true_positives,0.0,96
validation,false_positives,0.0,96
validation,true_negatives,0.0,96
validation,false_negatives,0.0,96
validation,rmse,31.7239140554173,96
training,true_positives,0.0,96
training,false_positives,0.0,96
training,true_negatives,0.0,96
training,false_negatives,0.0,96
training,rmse,40.9858108963604,96
validation,true_positives,0.0,97
validation,false_positives,0.0,97
validation,true_negatives,0.0,97
validation,false_negatives,0.0,97
validation,rmse,30.962805990884103,97
training,true_positives,0.0,97
training,false_positives,0.0,97
training,true_negatives,0.0,97
training,false_negatives,0.0,97
training,rmse,42.54402191894064,97
validation,true_positives,0.0,98
validation,false_positives,0.0,98
validation,true_negatives,0.0,98
validation,false_negatives,0.0,98
validation,rmse,31.217434332874223,98
training,true_positives,0.0,98
training,false_positives,0.0,98
training,true_negatives,0.0,98
training,false_negatives,0.0,98
training,rmse,39.594973449701556,98
validation,true_positives,0.0,99
validation,false_positives,0.0,99
validation,true_negatives,0.0,99
validation,false_negatives,0.0,99
validation,rmse,31.67617941902316,99
training,true_positives,0.0,99
training,false_positives,0.0,99
training,true_negatives,0.0,99
training,false_negatives,0.0,99
training,rmse,41.46037925398807,99
